1,2,3,4,5,6,7,8,9,10,Class
2.506000000000000000e+03,9.996569218374826704e-01,5.322731239591686290e+02,3.834829427978659311e+01,3.511705685618728978e-01,1.155000000000000000e+03,8.050829632012399983e+00,3.073734511194201673e+02,3.817910267250165646e+01,4.608938547486033377e-01,0.000000000000000000e+00
3.392000000000000000e+03,9.988101510241583769e-01,5.540487732352790999e+02,5.698035485213009110e+01,5.976095617529880721e-01,2.550000000000000000e+03,1.302651732988371691e+01,2.671139858192831866e+02,2.050540286823290259e+01,7.517688679245283501e-01,0.000000000000000000e+00
2.448000000000000000e+03,9.996851377923793303e-01,5.694102089490162371e+02,4.108911822269767100e+01,4.063745019920319002e-01,1.326000000000000000e+03,7.432341524819851664e+00,2.961996768044741657e+02,3.985280759977638354e+01,5.416666666666666297e-01,0.000000000000000000e+00
1.641000000000000000e+03,9.996583741225516517e-01,4.552731239591686290e+02,3.483385258814491436e+01,5.341928251121076388e-01,9.530000000000000000e+02,6.577344415308840730e+00,2.516502120076488893e+02,3.826015426863313706e+01,5.807434491163924184e-01,0.000000000000000000e+00
8.560000000000000000e+02,9.803332701933744620e-01,1.531543289325506976e+02,2.903247455203702998e+01,4.309895833333333148e-01,6.620000000000000000e+02,1.401792748265830646e+01,7.103110836835132602e+01,5.067161922204583391e+00,7.733644859813083583e-01,0.000000000000000000e+00
2.108000000000000000e+03,9.994233475318878845e-01,5.176396103067892227e+02,4.651057929659704371e+01,6.823293172690763075e-01,1.699000000000000000e+03,8.917679359074931256e+00,2.626288281212126776e+02,2.945035558538586784e+01,8.059772296015180748e-01,0.000000000000000000e+00
1.770000000000000000e+03,9.996468473131839838e-01,4.980243866176394931e+02,3.582492792865107845e+01,3.740259740259740395e-01,1.008000000000000000e+03,6.912489828258701507e+00,2.601217077015710970e+02,3.763068216580614234e+01,5.694915254237288282e-01,0.000000000000000000e+00
8.090000000000000000e+02,9.993428376758261011e-01,3.012253967444161731e+02,2.631809856991816332e+01,5.396825396825396526e-01,5.440000000000000000e+02,5.461942376030685331e+00,1.506840033365154170e+02,2.758798847783173258e+01,6.724351050679852060e-01,0.000000000000000000e+00
2.212000000000000000e+03,9.993745534732036973e-01,5.283502884254440914e+02,4.760636921283317236e+01,6.631892697466468256e-01,1.780000000000000000e+03,9.324408375500128798e+00,2.636811675350572273e+02,2.827859494312573929e+01,8.047016274864375873e-01,0.000000000000000000e+00
2.638000000000000000e+03,9.994036468130707007e-01,5.609188309203677818e+02,4.842837227702548120e+01,5.283993115318416089e-01,1.842000000000000000e+03,9.372743135975042605e+00,2.714342851443076938e+02,2.895996200967802281e+01,6.982562547384382201e-01,0.000000000000000000e+00
1.728000000000000000e+03,9.996064912809987657e-01,4.680243866176395500e+02,4.088720487190667541e+01,7.426470588235294379e-01,1.313000000000000000e+03,7.297886896428881442e+00,2.601642865933744133e+02,3.564926262706018889e+01,7.598379629629629095e-01,0.000000000000000000e+00
2.350000000000000000e+03,9.988316904524261464e-01,4.539533188057740745e+02,5.032368681325165483e+01,7.709302325581395277e-01,1.989000000000000000e+03,1.134986054613846207e+01,2.348677835587012339e+02,2.069345104320332496e+01,8.463829787234042890e-01,0.000000000000000000e+00
1.789000000000000000e+03,9.997147148990690457e-01,5.014680374315354925e+02,3.984632620813050607e+01,5.701874714220392937e-01,1.247000000000000000e+03,6.559867953902201343e+00,2.746448948135050614e+02,4.186744256797575758e+01,6.970374510899943754e-01,0.000000000000000000e+00
2.762000000000000000e+03,9.987458758629453870e-01,4.827350647362942482e+02,5.098975534702242385e+01,5.227854582693292063e-01,2.042000000000000000e+03,1.197930757563420912e+01,2.392669217513241051e+02,1.997335156816497559e+01,7.393193338160752859e-01,0.000000000000000000e+00
7.540000000000000000e+02,9.791502892219785537e-01,1.583553390593273491e+02,2.733846397952051177e+01,5.743639921722113462e-01,5.870000000000000000e+02,1.335671703684334943e+01,6.575220492408637085e+01,4.922781903870134812e+00,7.785145888594164898e-01,0.000000000000000000e+00
1.046000000000000000e+03,9.986165647849002402e-01,3.209888527117068406e+02,3.139247374172694904e+01,5.408805031446540790e-01,7.740000000000000000e+02,7.700359006636315229e+00,1.464423936225806244e+02,1.901760599685986008e+01,7.399617590822179514e-01,0.000000000000000000e+00
1.982000000000000000e+03,9.993751768177252526e-01,4.874091629284897635e+02,4.394888382386112369e+01,5.970090515545061205e-01,1.517000000000000000e+03,8.499166190158758738e+00,2.404642985231497789e+02,2.829269285281007740e+01,7.653884964682139413e-01,0.000000000000000000e+00
1.387000000000000000e+03,9.983081409878400425e-01,3.214386001800125996e+02,3.663324282875952775e+01,5.975056689342403970e-01,1.054000000000000000e+03,9.275317447155561723e+00,1.595201204351154445e+02,1.719834618534108373e+01,7.599134823359768864e-01,0.000000000000000000e+00
2.110000000000000000e+03,9.994828281254518609e-01,5.250487732352789862e+02,4.330683374936217689e+01,6.137500000000000178e-01,1.473000000000000000e+03,8.225003647459839584e+00,2.557760113719986634e+02,3.109737361040453507e+01,6.981042654028436489e-01,0.000000000000000000e+00
2.179000000000000000e+03,9.994429134642421886e-01,5.158822509939085421e+02,4.649688964823675974e+01,6.874493927125505666e-01,1.698000000000000000e+03,8.774557502235406758e+00,2.629113824602725913e+02,2.996292204972082729e+01,7.792565396971087299e-01,0.000000000000000000e+00
1.438000000000000000e+03,9.995424373138830365e-01,4.424680374315354356e+02,3.739006579452901491e+01,5.674418604651162434e-01,1.098000000000000000e+03,6.777285639163850739e+00,2.240604359839508675e+02,3.306049765545876795e+01,7.635605006954102603e-01,0.000000000000000000e+00
2.893000000000000000e+03,9.989443800286125219e-01,5.567827919510467609e+02,5.370183952924838167e+01,6.523617511520737322e-01,2.265000000000000000e+03,1.214450444178504185e+01,2.643782015352992403e+02,2.176936924866734202e+01,7.829243000345661452e-01,0.000000000000000000e+00
1.565000000000000000e+03,9.991081247213745575e-01,3.934507934888323462e+02,3.829845891853753415e+01,5.850685627221939855e-01,1.152000000000000000e+03,8.271946182270013992e+00,1.959013798689529153e+02,2.368262263224650610e+01,7.361022364217252312e-01,0.000000000000000000e+00
1.501000000000000000e+03,9.992535068915923135e-01,4.232497833620557230e+02,3.806503122169500131e+01,6.484330484330483868e-01,1.138000000000000000e+03,7.882110542214285864e+00,2.040307785274846708e+02,2.588529778093764477e+01,7.581612258494336842e-01,0.000000000000000000e+00
1.449000000000000000e+03,9.986100150849268609e-01,3.553553390593274344e+02,3.992613066662513432e+01,7.279069767441860295e-01,1.252000000000000000e+03,9.339023529145956459e+00,1.771872208577761967e+02,1.897277807522343451e+01,8.640441683919944937e-01,0.000000000000000000e+00
2.755000000000000000e+03,9.987107172439814162e-01,5.410132393293462201e+02,5.191770522860519321e+01,5.690860215053763493e-01,2.117000000000000000e+03,1.249232045637351085e+01,2.460900523783222695e+02,1.969930672509833869e+01,7.684210526315788936e-01,0.000000000000000000e+00
2.319000000000000000e+03,9.986409072490123329e-01,5.458660530717320398e+02,5.010816682156453794e+01,5.943339361060879789e-01,1.972000000000000000e+03,1.216019562135569387e+01,2.333182054408473505e+02,1.918704375372832871e+01,8.503665373005605543e-01,0.000000000000000000e+00
2.447000000000000000e+03,9.992095259376974070e-01,5.532975105768082358e+02,4.317432910297829096e+01,4.250871080139372871e-01,1.464000000000000000e+03,9.910815620039713281e+00,2.493081226405473672e+02,2.515515697178799570e+01,5.982836125868410404e-01,0.000000000000000000e+00
3.710000000000000000e+02,8.972078962604009833e-01,7.973401871576773203e+01,2.101937491989477280e+01,7.229166666666666519e-01,3.470000000000000000e+02,1.416668646104391449e+01,3.207974763944451979e+01,2.264449610546447111e+00,9.353099730458220851e-01,0.000000000000000000e+00
1.596000000000000000e+03,9.997193440003607767e-01,5.238294731452728001e+02,3.938027127239512026e+01,7.102040816326530281e-01,1.218000000000000000e+03,6.280624304645707312e+00,2.651130623367948829e+02,4.221125949862877746e+01,7.631578947368421462e-01,0.000000000000000000e+00
1.974000000000000000e+03,9.995942660451747619e-01,5.390193359837561502e+02,4.339494540454343507e+01,6.136929460580913265e-01,1.479000000000000000e+03,7.768179691485232574e+00,2.727266918346786611e+02,3.510818527197776717e+01,7.492401215805470915e-01,0.000000000000000000e+00
2.657000000000000000e+03,9.989016614611615497e-01,5.086934341759516656e+02,5.253935032892805879e+01,6.646229307173513456e-01,2.168000000000000000e+03,1.171956966157923397e+01,2.501196654356411386e+02,2.134205202564895743e+01,8.159578471960857726e-01,0.000000000000000000e+00
2.373000000000000000e+03,9.995108101660729050e-01,5.297827919510467609e+02,4.237060016186435263e+01,5.000000000000000000e-01,1.410000000000000000e+03,8.235704179748328357e+00,2.633298846384846570e+02,3.197417960761816147e+01,5.941845764854614131e-01,0.000000000000000000e+00
1.524000000000000000e+03,9.994872517822308566e-01,4.605695885154503344e+02,3.721941193345022469e+01,5.675534689619197160e-01,1.088000000000000000e+03,7.155323407182832440e+00,2.234692998535163326e+02,3.123119489318790087e+01,7.139107611548556331e-01,0.000000000000000000e+00
2.107000000000000000e+03,9.993849257450256873e-01,5.002497833620557230e+02,4.432390571154979142e+01,6.046238244514106075e-01,1.543000000000000000e+03,8.628642923285923416e+00,2.460540488129074674e+02,2.851596143223020263e+01,7.323208353108685564e-01,0.000000000000000000e+00
2.325000000000000000e+03,9.993241249924098568e-01,4.851015510839148419e+02,4.527599437918080838e+01,6.476267095736122359e-01,1.610000000000000000e+03,9.269816355954095144e+00,2.521716925974684500e+02,2.720352625276077418e+01,6.924731182795699214e-01,0.000000000000000000e+00
2.179000000000000000e+03,9.994999049646217104e-01,5.369838020778233840e+02,4.452453223957157036e+01,4.557962529274004471e-01,1.557000000000000000e+03,8.332161907019361990e+00,2.634940027333353214e+02,3.162372571173358438e+01,7.145479577787976488e-01,0.000000000000000000e+00
2.223000000000000000e+03,9.990201390094382017e-01,4.794446968344225297e+02,4.745904291740935577e+01,6.074862637362636875e-01,1.769000000000000000e+03,1.033193837517223912e+01,2.334484465575853278e+02,2.259483536202311171e+01,7.957714799820062579e-01,0.000000000000000000e+00
2.148000000000000000e+03,9.995880602493907308e-01,5.223908729652602005e+02,4.759299475851309325e+01,6.922178988326848081e-01,1.779000000000000000e+03,8.401143951927830145e+00,2.927192663659161553e+02,3.484278665392290719e+01,8.282122905027933246e-01,0.000000000000000000e+00
1.637000000000000000e+03,9.995199844186000160e-01,5.060071426749364605e+02,3.997393686694655912e+01,5.933806146572103701e-01,1.255000000000000000e+03,7.440522732595505673e+00,2.401667637062879521e+02,3.227821113349514093e+01,7.666463042150274410e-01,0.000000000000000000e+00
1.696000000000000000e+03,9.997053599873746421e-01,5.006040764008565702e+02,3.649395242766916425e+01,4.686379928315412280e-01,1.046000000000000000e+03,6.925262049304865108e+00,2.853036606595790659e+02,4.119752561395375778e+01,6.167452830188678847e-01,0.000000000000000000e+00
1.910000000000000000e+03,9.995921150486163365e-01,5.243086578651013951e+02,4.231045733500926076e+01,6.376417233560091047e-01,1.406000000000000000e+03,7.522062967483980067e+00,2.633888678408342230e+02,3.501550957222762150e+01,7.361256544502617905e-01,0.000000000000000000e+00
1.189000000000000000e+03,9.992693837092372355e-01,3.551126983722081150e+02,3.525169209643019030e+01,7.052023121387283044e-01,9.760000000000000000e+02,7.100384645580075649e+00,1.857811054407808911e+02,2.616493538225818938e+01,8.208578637510512976e-01,0.000000000000000000e+00
1.542000000000000000e+03,9.993456900413736355e-01,4.351015510839148419e+02,3.876109728564829737e+01,6.458675424192665826e-01,1.180000000000000000e+03,7.675487901968192084e+00,2.122121673661907835e+02,2.764803619998855666e+01,7.652399481193254971e-01,0.000000000000000000e+00
1.915000000000000000e+03,9.996173668333032669e-01,5.491736649163068478e+02,4.188703967392604000e+01,5.741666666666667140e-01,1.378000000000000000e+03,7.266644934681989909e+00,2.627055113683677519e+02,3.615224271032371917e+01,7.195822454308093974e-01,0.000000000000000000e+00
2.539000000000000000e+03,9.993950141686556154e-01,5.306700935788386460e+02,4.812507383758762813e+01,4.756799163179916135e-01,1.819000000000000000e+03,9.521900923828363617e+00,2.737800220038104158e+02,2.875266443055309296e+01,7.164237888932650788e-01,0.000000000000000000e+00
4.960000000000000000e+02,9.993161025089163374e-01,2.156629509039022707e+02,2.161663509702203356e+01,6.990476190476190288e-01,3.670000000000000000e+02,4.480569781337342405e+00,1.211705302370926773e+02,2.704355386714369658e+01,7.399193548387096309e-01,0.000000000000000000e+00
1.691000000000000000e+03,9.996044897409863683e-01,5.127878425849301038e+02,3.882673847964096581e+01,6.016260162601626549e-01,1.184000000000000000e+03,7.062506977533679731e+00,2.511354154344636811e+02,3.555896174451122249e+01,7.001774098166765326e-01,0.000000000000000000e+00
2.154000000000000000e+03,9.994182780337174110e-01,4.862792206135785591e+02,4.324799291546318614e+01,5.961850649350649567e-01,1.469000000000000000e+03,8.643123929455828858e+00,2.534318416155349496e+02,2.932178731718023812e+01,6.819870009285050605e-01,0.000000000000000000e+00
3.053000000000000000e+03,9.981962561639785569e-01,4.978355697996826166e+02,5.665542244372858960e+01,6.504127966976264164e-01,2.521000000000000000e+03,1.444422568539341434e+01,2.405956467069352414e+02,1.665687396107603746e+01,8.257451686865378004e-01,0.000000000000000000e+00
2.598000000000000000e+03,9.989075575052027700e-01,5.404924240491749288e+02,5.126369495396694731e+01,6.401985111662531480e-01,2.064000000000000000e+03,1.144481754897645942e+01,2.449137826475493114e+02,2.139953578110579713e+01,7.944572748267898499e-01,0.000000000000000000e+00
1.212000000000000000e+03,9.990444068227916086e-01,3.648528137423856492e+02,3.454020054106297977e+01,6.052971576227390571e-01,9.370000000000000000e+02,7.813663968967213158e+00,1.787750833684465022e+02,2.287980185460630622e+01,7.731023102310230488e-01,0.000000000000000000e+00
1.717000000000000000e+03,9.993732853113410641e-01,4.654091629284897635e+02,4.262526047236634952e+01,7.273190621814474843e-01,1.427000000000000000e+03,8.320086411662000359e+00,2.350422617465076485e+02,2.824997843977394041e+01,8.311007571345370160e-01,0.000000000000000000e+00
1.908000000000000000e+03,9.995008102564733043e-01,4.874030662740798903e+02,4.290809226343027660e+01,6.206008583690987290e-01,1.446000000000000000e+03,8.036059864424375476e+00,2.543604263735522579e+02,3.165238072697858840e+01,7.578616352201258399e-01,0.000000000000000000e+00
1.770000000000000000e+03,9.995855480352598965e-01,4.867167747730646852e+02,3.967019129387531962e+01,5.919540229885057459e-01,1.236000000000000000e+03,7.154804314376378649e+00,2.485367781676971219e+02,3.473704761824221521e+01,6.983050847457626942e-01,0.000000000000000000e+00
1.626000000000000000e+03,9.995475688340347276e-01,4.701309883354376780e+02,4.005348706874727327e+01,7.126696832579185736e-01,1.260000000000000000e+03,7.194443087864637931e+00,2.391966286956896397e+02,3.324741411870490282e+01,7.749077490774908261e-01,0.000000000000000000e+00
1.690000000000000000e+03,9.995607981214869042e-01,4.716812408671319190e+02,4.049608047229867225e+01,6.446446446446446599e-01,1.288000000000000000e+03,7.221218992215606036e+00,2.436750783394938651e+02,3.374431361272561958e+01,7.621301775147929503e-01,0.000000000000000000e+00
2.263000000000000000e+03,9.986496712990592384e-01,4.390954544295049686e+02,3.521555503711461199e+01,2.512899896800825372e-01,9.740000000000000000e+02,1.283225923130934909e+01,2.470102850809285542e+02,1.924916576484440967e+01,4.304021210782147389e-01,0.000000000000000000e+00
5.650000000000000000e+02,9.951426078320224633e-01,1.632964645562816202e+02,2.245446191105732936e+01,5.739130434782608869e-01,3.960000000000000000e+02,7.856135064564520931e+00,7.980321455227733907e+01,1.015807568179849874e+01,7.008849557522124352e-01,0.000000000000000000e+00
1.045000000000000000e+03,9.974313561754819535e-01,2.534974746830583285e+02,3.274244487919322921e+01,6.486902927580893152e-01,8.420000000000000000e+02,9.157555322027940647e+00,1.278473337844019682e+02,1.396085847025930704e+01,8.057416267942584254e-01,0.000000000000000000e+00
2.251000000000000000e+03,9.982921983667765176e-01,4.573269478283310718e+02,4.783316278367015428e+01,5.843902439024389883e-01,1.797000000000000000e+03,1.203872453553575284e+01,2.060783026012310017e+02,1.711795149003797789e+01,7.983118613949355957e-01,0.000000000000000000e+00
1.943000000000000000e+03,9.990957495282849488e-01,4.485624458405139308e+02,4.531815735064498085e+01,6.665289256198346779e-01,1.613000000000000000e+03,9.607791645546924997e+00,2.259760466128807366e+02,2.352008192409308052e+01,8.301595470921255826e-01,0.000000000000000000e+00
1.855000000000000000e+03,9.996688502503807694e-01,5.190893577750950953e+02,4.035434769286047185e+01,5.730286738351254572e-01,1.279000000000000000e+03,6.853317293877561056e+00,2.663235572168323415e+02,3.886053217684136030e+01,6.894878706199460972e-01,0.000000000000000000e+00
7.950000000000000000e+02,9.933302066378444373e-01,1.902548339959390375e+02,2.796013377055606952e+01,4.104278074866309911e-01,6.140000000000000000e+02,1.026835237824987068e+01,8.905431148562271915e+01,8.672697255136569083e+00,7.723270440251572833e-01,0.000000000000000000e+00
1.945000000000000000e+03,9.993809952337130431e-01,5.015107140124045486e+02,4.055891383898033098e+01,5.290745290745291207e-01,1.292000000000000000e+03,8.512846723670829618e+00,2.419803148606843308e+02,2.842531091131167997e+01,6.642673521850899210e-01,0.000000000000000000e+00
1.812000000000000000e+03,9.996888081766752698e-01,5.503330444827410020e+02,4.021211536109057505e+01,6.401209677419354982e-01,1.270000000000000000e+03,6.769626430028897524e+00,2.713747316276580932e+02,4.008710590349365788e+01,7.008830022075055455e-01,0.000000000000000000e+00
2.190000000000000000e+03,9.995013335967910528e-01,5.393919189857866741e+02,4.659263271992099220e+01,6.930894308943089666e-01,1.705000000000000000e+03,8.555947581042786965e+00,2.709581456090355687e+02,3.166898149415866115e+01,7.785388127853881679e-01,0.000000000000000000e+00
1.823000000000000000e+03,9.995864502051673428e-01,5.296700935788387596e+02,4.139783118973177523e+01,6.154549611339734660e-01,1.346000000000000000e+03,7.325999503363575194e+00,2.547609662787855029e+02,3.477490902938465922e+01,7.383433900164564356e-01,0.000000000000000000e+00
1.551000000000000000e+03,9.977403801499157288e-01,3.571726188957803743e+02,3.963808267566925281e+01,5.823501651722510219e-01,1.234000000000000000e+03,1.075402974115478116e+01,1.600604444812157396e+02,1.488376435009080190e+01,7.956157317859445799e-01,0.000000000000000000e+00
1.137000000000000000e+03,9.993734947246660782e-01,3.724680374315354356e+02,3.305207299675422661e+01,6.093750000000000000e-01,8.580000000000000000e+02,6.491096988389602807e+00,1.834039846543667522e+02,2.825469793201596147e+01,7.546174142480210900e-01,0.000000000000000000e+00
1.191000000000000000e+03,9.991676249872440962e-01,3.429472221513642012e+02,3.454020054106297977e+01,7.141768292682927344e-01,9.370000000000000000e+02,7.368284225918515951e+00,1.806268248557818765e+02,2.451409572671109771e+01,7.867338371116708862e-01,0.000000000000000000e+00
1.431000000000000000e+03,9.993853384273787555e-01,4.053553390593273207e+02,3.757688990737918289e+01,6.254935138183869148e-01,1.109000000000000000e+03,7.517742644471168134e+00,2.144475907603590485e+02,2.852552965723985068e+01,7.749825296995108692e-01,0.000000000000000000e+00
2.463000000000000000e+03,9.993133149694365391e-01,5.321492782986673546e+02,4.697365358396169199e+01,5.094062316284538872e-01,1.733000000000000000e+03,9.765057600295898865e+00,2.635454909476422927e+02,2.698862635891224926e+01,7.036134794965489547e-01,0.000000000000000000e+00
3.295000000000000000e+03,9.987143665839162132e-01,5.539127342659579654e+02,5.765785680463253016e+01,6.553714859437751450e-01,2.611000000000000000e+03,1.371147677422939104e+01,2.704894241069108602e+02,1.972722767654710552e+01,7.924127465857360164e-01,0.000000000000000000e+00
1.541000000000000000e+03,9.997260386093000939e-01,4.993858223313767439e+02,3.788061465864206667e+01,6.178728070175438791e-01,1.127000000000000000e+03,6.022152959146279017e+00,2.572893739726871445e+02,4.272381915871518743e+01,7.313432835820895539e-01,0.000000000000000000e+00
2.018000000000000000e+03,9.993780394968572178e-01,5.150954544295050255e+02,4.645579649867281091e+01,6.975308641975308532e-01,1.695000000000000000e+03,9.121225667661272851e+00,2.586570611183961432e+02,2.835770877103154675e+01,8.399405351833498790e-01,0.000000000000000000e+00
2.391000000000000000e+03,9.987989006065864928e-01,5.207289680818844317e+02,5.007003758320474418e+01,6.207440100882724021e-01,1.969000000000000000e+03,1.149231729378512412e+01,2.345489986886310305e+02,2.040919970208894796e+01,8.235048097030530645e-01,0.000000000000000000e+00
2.171000000000000000e+03,9.994676277814865673e-01,5.201309883354376780e+02,4.456740613707346910e+01,5.650126765664614803e-01,1.560000000000000000e+03,8.490984662724795129e+00,2.602514607663181323e+02,3.065032750663363714e+01,7.185628742514970080e-01,0.000000000000000000e+00
1.114000000000000000e+03,9.976984108240910532e-01,2.935452018978107844e+02,3.239057555619804418e+01,5.928057553956834758e-01,8.240000000000000000e+02,9.017907232850452814e+00,1.329924228711789738e+02,1.474759269941410267e+01,7.396768402154398903e-01,0.000000000000000000e+00
4.152000000000000000e+03,9.987412899302542391e-01,5.686873375215417354e+02,6.321945057435785742e+01,7.184710460059510195e-01,3.139000000000000000e+03,1.475968313439922497e+01,2.942631560747297499e+02,1.993695619311188949e+01,7.560211946050096055e-01,0.000000000000000000e+00
1.799000000000000000e+03,9.994810769939292960e-01,5.149127342659579654e+02,4.118197510546618645e+01,6.166666666666666963e-01,1.332000000000000000e+03,7.820912901798234174e+00,2.427992481452484697e+02,3.104487304665194713e+01,7.404113396331295505e-01,0.000000000000000000e+00
1.382000000000000000e+03,9.983705807706491075e-01,3.450599205235722025e+02,3.548568598383122463e+01,5.416210295728367541e-01,9.890000000000000000e+02,8.948265486462759100e+00,1.568138539048032953e+02,1.752449724944310461e+01,7.156295224312589909e-01,0.000000000000000000e+00
2.338000000000000000e+03,9.990676317020149577e-01,5.238233764908628700e+02,4.787307364817192479e+01,6.097560975609755962e-01,1.800000000000000000e+03,1.066659593175648624e+01,2.470690531012826341e+02,2.316287733049970043e+01,7.698887938408895959e-01,0.000000000000000000e+00
2.047000000000000000e+03,9.993799477090777872e-01,4.902670273047588125e+02,4.376016767885704439e+01,5.402298850574712707e-01,1.504000000000000000e+03,8.559774613319397929e+00,2.431087023418464241e+02,2.840129715139441302e+01,7.347337567171470241e-01,0.000000000000000000e+00
1.502000000000000000e+03,9.994070102718889403e-01,3.824264068711928530e+02,3.528779214899947902e+01,4.780058651026393157e-01,9.780000000000000000e+02,7.473919451545051551e+00,2.170572130709082899e+02,2.904195241574846875e+01,6.511318242343542284e-01,0.000000000000000000e+00
1.695000000000000000e+03,9.994997359864710162e-01,4.722142494561229569e+02,3.920204242759988489e+01,6.095959595959595800e-01,1.207000000000000000e+03,7.534617236695194009e+00,2.382324338776601849e+02,3.161838569813704680e+01,7.120943952802359922e-01,0.000000000000000000e+00
1.823000000000000000e+03,9.996486980496812613e-01,5.357766952966368308e+02,3.931555426683550536e+01,5.483288166214995707e-01,1.214000000000000000e+03,6.967256207389398881e+00,2.628721930846669466e+02,3.772965788252015784e+01,6.659352715304442949e-01,0.000000000000000000e+00
2.073000000000000000e+03,9.996481526822548203e-01,5.385279579551078086e+02,4.003758967297569171e+01,5.076612903225806717e-01,1.259000000000000000e+03,7.444870282517969784e+00,2.806746693444148946e+02,3.770041098009385649e+01,6.073323685479981027e-01,0.000000000000000000e+00
1.925000000000000000e+03,9.990502912589418472e-01,4.464924240491749856e+02,3.994207242436424821e+01,4.892620070285044753e-01,1.253000000000000000e+03,9.349929336911179334e+00,2.145859341154154265e+02,2.295054073492126889e+01,6.509090909090908816e-01,0.000000000000000000e+00
4.096000000000000000e+03,9.979337818348292810e-01,5.749604614807104781e+02,6.536812611763630798e+01,7.009189640768588303e-01,3.356000000000000000e+03,1.713951568727058117e+01,2.667595112952473642e+02,1.556400520076352656e+01,8.193359375000000000e-01,0.000000000000000000e+00
2.029000000000000000e+03,9.996144050400410652e-01,5.204213562373095101e+02,4.079367702192163847e+01,4.930215013202565166e-01,1.307000000000000000e+03,7.460579864283125140e+00,2.686790357968951639e+02,3.601315724574876498e+01,6.441596845736816679e-01,0.000000000000000000e+00
1.518000000000000000e+03,9.997259636620905443e-01,5.013908729652601437e+02,3.874466961070589832e+01,6.818970503181029930e-01,1.179000000000000000e+03,6.176248446340424358e+00,2.638368403877224750e+02,4.271797721221077637e+01,7.766798418972331586e-01,0.000000000000000000e+00
1.728000000000000000e+03,9.996256529942351143e-01,4.191309883354376780e+02,2.903247455203702998e+01,3.182692307692307487e-01,6.620000000000000000e+02,6.847126043522552052e+00,2.502630832835592685e+02,3.655009148258788088e+01,3.831018518518518601e-01,0.000000000000000000e+00
3.001000000000000000e+03,9.989019716467091303e-01,5.569777054234134539e+02,5.664418463295778139e+01,7.086614173228346081e-01,2.520000000000000000e+03,1.251353845906093376e+01,2.671022873960556581e+02,2.134506464897220468e+01,8.397200933022326286e-01,0.000000000000000000e+00
1.601000000000000000e+03,9.998460719844729505e-01,5.158050865276331933e+02,3.621376438700094269e+01,5.815923207227554625e-01,1.030000000000000000e+03,5.154394408563995000e+00,2.937788506147140311e+02,5.699580345008178739e+01,6.433479075577763773e-01,0.000000000000000000e+00
8.930000000000000000e+02,9.979300139500124622e-01,2.393908729652601437e+02,2.933785834448332963e+01,5.878260869565217206e-01,6.760000000000000000e+02,7.814114097756545085e+00,1.215082884182060781e+02,1.554984824870825300e+01,7.569988801791713851e-01,0.000000000000000000e+00
1.518000000000000000e+03,9.996832720511261705e-01,4.754507934888323462e+02,3.732189788770485706e+01,6.215909090909090828e-01,1.094000000000000000e+03,6.192146680268836967e+00,2.460466375891069504e+02,3.973527280500800885e+01,7.206851119894598368e-01,0.000000000000000000e+00
1.523000000000000000e+03,9.995262613784905437e-01,4.520243866176394363e+02,3.772905791315113078e+01,5.698267074413863043e-01,1.118000000000000000e+03,7.047972367000062910e+00,2.289977632943259209e+02,3.249129698160235336e+01,7.340774786605384072e-01,0.000000000000000000e+00
2.131000000000000000e+03,9.996110168393449458e-01,5.191543289325506976e+02,4.345358724941183226e+01,5.328781890046712100e-01,1.483000000000000000e+03,7.931924766741752286e+00,2.844070944229728752e+02,3.585599999832078311e+01,6.959174096668231391e-01,0.000000000000000000e+00
1.271000000000000000e+03,9.987402717755209380e-01,3.266518036156090261e+02,3.494333589400160633e+01,6.479729729729729604e-01,9.590000000000000000e+02,8.183695926930164788e+00,1.630920805169913876e+02,1.992890278099199008e+01,7.545239968528717478e-01,0.000000000000000000e+00
2.497000000000000000e+03,9.991432661886661126e-01,5.335279579551076949e+02,4.074683259266482338e+01,3.980463980463980200e-01,1.304000000000000000e+03,1.037113849203559468e+01,2.506002622049718696e+02,2.416323554038138255e+01,5.222266720064077106e-01,0.000000000000000000e+00
1.906000000000000000e+03,9.997893190796985907e-01,5.255096679918781319e+02,3.766150359232847933e+01,4.455999999999999961e-01,1.114000000000000000e+03,6.170155675022001240e+00,3.006016748042216591e+02,4.871865324583561119e+01,5.844700944386148622e-01,0.000000000000000000e+00
1.529000000000000000e+03,9.997710438129610022e-01,5.095746391493337342e+02,3.672003101679705139e+01,6.124927703875072682e-01,1.059000000000000000e+03,5.679861801059320037e+00,2.654430990520989440e+02,4.673407705141568869e+01,6.926095487246566318e-01,0.000000000000000000e+00
1.964000000000000000e+03,9.994984216726411352e-01,5.301431816442574245e+02,4.313007042491436493e+01,5.867469879518072418e-01,1.461000000000000000e+03,8.024238840343205226e+00,2.533809339898290034e+02,3.157694318817056001e+01,7.438900203665987920e-01,0.000000000000000000e+00
1.773000000000000000e+03,9.995913695179736713e-01,4.858528137423857061e+02,4.112009381565533772e+01,6.415458937198067479e-01,1.328000000000000000e+03,7.234100819705717278e+00,2.530745948932170393e+02,3.498355928408419402e+01,7.490129723632261705e-01,0.000000000000000000e+00
1.390000000000000000e+03,9.988619642256507669e-01,3.520954544295049686e+02,3.640662530459675139e+01,6.309090909090908639e-01,1.041000000000000000e+03,8.316494886039503598e+00,1.743696780169526050e+02,2.096672701737104560e+01,7.489208633093524803e-01,0.000000000000000000e+00
1.106000000000000000e+03,9.984837157826741416e-01,3.140243866176394931e+02,3.276188236673439746e+01,5.813793103448275934e-01,8.430000000000000000e+02,8.431105634254503656e+00,1.531594917402618705e+02,1.816600317732877912e+01,7.622061482820976508e-01,0.000000000000000000e+00
2.316000000000000000e+03,9.994209044127424502e-01,5.309655121145938210e+02,3.962201860908219686e+01,3.508821855435401149e-01,1.233000000000000000e+03,9.043575009214263716e+00,2.657742510832741800e+02,2.938818451911812346e+01,5.323834196891191750e-01,0.000000000000000000e+00
2.121000000000000000e+03,9.995719887183091013e-01,5.439005409571382188e+02,4.211439998166994769e+01,6.141975308641974829e-01,1.393000000000000000e+03,7.796604810317528056e+00,2.665074728740988235e+02,3.418250371256728215e+01,6.567656765676567199e-01,0.000000000000000000e+00
2.229000000000000000e+03,9.991077176350062761e-01,4.870243866176395500e+02,4.853342309955120726e+01,7.280598189689099220e-01,1.850000000000000000e+03,1.021269584121683316e+01,2.418082672647429661e+02,2.367722206009923980e+01,8.299685957828623062e-01,0.000000000000000000e+00
2.984000000000000000e+03,9.992349510850785377e-01,5.481492782986673546e+02,5.068922371940172411e+01,5.424731182795698992e-01,2.018000000000000000e+03,1.077691255342770482e+01,2.755610553320903477e+02,2.556957328603779089e+01,6.762734584450401654e-01,0.000000000000000000e+00
1.471000000000000000e+03,9.995388367834983079e-01,4.320721138323920059e+02,3.666798275390032558e+01,6.600000000000000311e-01,1.056000000000000000e+03,6.751107947188957681e+00,2.223221842006402937e+02,3.293121454134225701e+01,7.178789938817131677e-01,0.000000000000000000e+00
1.611000000000000000e+03,9.996961124595742376e-01,5.129238815542511247e+02,3.856350331920934593e+01,5.318761384335154441e-01,1.168000000000000000e+03,6.492039451449465481e+00,2.633556876103140212e+02,4.056594073092317387e+01,7.250155183116077096e-01,0.000000000000000000e+00
1.846000000000000000e+03,9.996473005294798098e-01,5.239827560572969105e+02,4.403571081101851803e+01,7.524703557312253377e-01,1.523000000000000000e+03,7.430643675656360081e+00,2.797997560330994702e+02,3.765484771524646135e+01,8.250270855904658918e-01,0.000000000000000000e+00
3.408000000000000000e+03,9.989778996488649643e-01,5.523208511739211417e+02,3.754299103723390374e+01,2.012727272727272698e-01,1.107000000000000000e+03,1.397060774990095666e+01,3.090754670207024333e+02,2.212326568419284456e+01,3.248239436619718146e-01,0.000000000000000000e+00
2.265000000000000000e+03,9.993467124126713674e-01,5.149238815542511247e+02,4.880810576327962735e+01,6.942486085343227975e-01,1.871000000000000000e+03,9.457855784220404516e+00,2.616956042548181927e+02,2.766965475318773215e+01,8.260485651214127811e-01,0.000000000000000000e+00
1.868000000000000000e+03,9.993797369554479060e-01,4.772081528017130836e+02,4.321854245721949184e+01,6.668181818181818654e-01,1.467000000000000000e+03,8.450402341177152721e+00,2.399616229916342434e+02,2.839647312677034563e+01,7.853319057815846271e-01,0.000000000000000000e+00
2.610000000000000000e+03,9.990422423976059729e-01,4.946639969244287727e+02,4.779321859066286038e+01,5.050675675675675436e-01,1.794000000000000000e+03,1.085602014882432442e+01,2.481029059221558555e+02,2.285394670615314539e+01,6.873563218390804641e-01,0.000000000000000000e+00
1.796000000000000000e+03,9.995811459260324217e-01,5.063441917710341613e+02,4.153600345623234347e+01,6.273148148148147696e-01,1.355000000000000000e+03,7.271304095501291087e+00,2.512530944436426807e+02,3.455406226224142330e+01,7.544543429844098315e-01,0.000000000000000000e+00
2.524000000000000000e+03,9.992211645890873850e-01,5.322497833620557230e+02,5.047526452644959249e+01,6.308322824716267041e-01,2.001000000000000000e+03,1.044007269077344446e+01,2.645758850401908262e+02,2.534234127258647717e+01,7.927892234548336026e-01,0.000000000000000000e+00
1.595000000000000000e+03,9.993893604483519155e-01,4.423025612106915219e+02,3.744111027671874581e+01,5.218009478672985813e-01,1.101000000000000000e+03,7.567495699589471769e+00,2.165763495122818370e+02,2.861928940693429979e+01,6.902821316614420333e-01,0.000000000000000000e+00
1.395000000000000000e+03,9.994577634863833770e-01,4.054802307403552390e+02,3.552154823248201865e+01,6.695945945945945832e-01,9.910000000000000000e+02,6.920114449101703258e+00,2.101661556957789401e+02,3.037032945648182292e+01,7.103942652329748864e-01,0.000000000000000000e+00
2.162000000000000000e+03,9.994499601421825696e-01,5.328000358937498504e+02,4.193261035613284804e+01,4.283498759305210957e-01,1.381000000000000000e+03,9.374264165320605358e+00,2.826733314652652780e+02,3.015418879606511382e+01,6.387604070305272774e-01,0.000000000000000000e+00
1.257000000000000000e+03,9.996086383307443146e-01,4.397045814642448818e+02,3.553946578632382369e+01,6.560846560846560482e-01,9.920000000000000000e+02,6.214603925648981786e+00,2.221528090127056032e+02,3.574689741623502215e+01,7.891805887032616873e-01,0.000000000000000000e+00
3.369000000000000000e+03,9.986844060470619899e-01,5.075929291125632972e+02,5.442017255626803518e+01,5.594035594035594583e-01,2.326000000000000000e+03,1.361961972333018878e+01,2.656023635167491648e+02,1.950145223671528782e+01,6.904125853368952015e-01,1.000000000000000000e+00
3.077000000000000000e+03,9.991095017762782193e-01,5.430426765808691698e+02,5.439677106193453682e+01,6.666666666666666297e-01,2.324000000000000000e+03,1.155701489753452371e+01,2.739118698757062020e+02,2.370091864588149377e+01,7.552811179720506640e-01,1.000000000000000000e+00
4.902000000000000000e+03,9.961674696062963186e-01,5.241370849898476081e+02,5.976150034078906259e+01,3.652343750000000000e-01,2.805000000000000000e+03,2.463709899630064371e+01,2.816749836689622271e+02,1.143296066274916711e+01,5.722154222766218101e-01,1.000000000000000000e+00
2.761000000000000000e+03,9.971800619352712003e-01,5.059188309203678386e+02,4.705489951423175654e+01,3.934389140271493113e-01,1.739000000000000000e+03,1.580293055100819366e+01,2.105761764477522320e+02,1.332513458614914370e+01,6.298442593263310352e-01,1.000000000000000000e+00
3.690000000000000000e+03,9.987665485975892876e-01,5.472792206135785591e+02,5.424441526906674227e+01,4.884802367364193820e-01,2.311000000000000000e+03,1.426251079526181620e+01,2.872459594273171319e+02,2.013992932596018193e+01,6.262872628726287028e-01,1.000000000000000000e+00
1.067000000000000000e+03,9.964989730776870891e-01,2.600538238691623860e+02,3.411364747264558872e+01,6.755358462675535858e-01,9.140000000000000000e+02,1.020134461495572076e+01,1.220183500405611312e+02,1.196100657766973718e+01,8.566073102155576935e-01,1.000000000000000000e+00
3.880000000000000000e+03,9.989734927312523549e-01,5.514386001800125996e+02,5.735896602620779561e+01,5.291828793774319140e-01,2.584000000000000000e+03,1.341205627289859947e+01,2.960812017505811582e+02,2.207575003609736441e+01,6.659793814432989345e-01,1.000000000000000000e+00
4.299000000000000000e+03,9.969180980256675539e-01,5.539188309203677818e+02,6.927365909280979395e+01,6.357962213225371029e-01,3.769000000000000000e+03,2.006858696412386323e+01,2.558157371703069032e+02,1.274707270759135369e+01,8.767155152361014725e-01,1.000000000000000000e+00
1.500000000000000000e+03,9.996908042765823010e-01,4.480243866176394931e+02,3.481557189804405539e+01,5.639810426540284860e-01,9.520000000000000000e+02,6.086040344427967597e+00,2.447578688284520467e+02,4.021627445380615029e+01,6.346666666666667123e-01,1.000000000000000000e+00
1.008000000000000000e+03,9.952425525659174266e-01,2.310182899632296483e+02,3.231186201200471686e+01,5.840455840455840431e-01,8.200000000000000000e+02,1.053398488469946770e+01,1.081204494679195136e+02,1.026396474376602086e+01,8.134920634920634885e-01,1.000000000000000000e+00
2.877000000000000000e+03,9.969689228389745361e-01,4.860365799264592965e+02,5.479323723312498373e+01,5.954545454545454586e-01,2.368000000000000000e+03,1.630919147654855550e+01,2.096275131644408418e+02,1.285333570740585962e+01,8.196037539103232517e-01,1.000000000000000000e+00
3.060000000000000000e+03,9.989252238656323168e-01,5.282436867076457929e+02,5.594303174622402963e+01,7.225161669606113835e-01,2.458000000000000000e+03,1.237767291830622085e+01,2.670433213805542891e+02,2.157459832256553867e+01,8.032679738562091831e-01,1.000000000000000000e+00
1.887000000000000000e+03,9.994026096033512552e-01,4.710538238691623860e+02,4.104261099984527306e+01,5.828193832599118940e-01,1.323000000000000000e+03,8.167670630550247779e+00,2.363300627915167809e+02,2.893481795256911226e+01,7.011128775834658544e-01,1.000000000000000000e+00
2.433000000000000000e+03,9.989465534170380856e-01,5.130193359837561502e+02,4.945597198960149399e+01,6.452804837084312739e-01,1.921000000000000000e+03,1.097962486704210860e+01,2.392658139858141340e+02,2.179180225947663985e+01,7.895602137279079669e-01,1.000000000000000000e+00
2.764000000000000000e+03,9.974044637088337328e-01,4.998294731452727433e+02,4.689226688653072728e+01,4.516213389121339072e-01,1.727000000000000000e+03,1.528569371809428645e+01,2.122944264733841067e+02,1.388843911101546524e+01,6.248191027496382555e-01,1.000000000000000000e+00
3.713000000000000000e+03,9.986731533066685040e-01,5.744751801064719530e+02,6.139046385568430964e+01,6.909430438842203426e-01,2.960000000000000000e+03,1.441281817443807256e+01,2.798772803539415577e+02,1.941863672784822370e+01,7.971990304336116218e-01,1.000000000000000000e+00
3.205000000000000000e+03,9.992799185882280666e-01,5.643330444827408883e+02,5.183179949983594526e+01,5.253984063745019695e-01,2.110000000000000000e+03,1.133270901768695893e+01,2.986799953098324636e+02,2.635556907388009407e+01,6.583463338533541709e-01,1.000000000000000000e+00
1.080000000000000000e+03,9.965688373292915792e-01,2.785096679918781319e+02,3.297493853222214710e+01,6.113099498926271025e-01,8.540000000000000000e+02,9.985680161696231849e+00,1.206465349762194563e+02,1.208195466133632578e+01,7.907407407407407440e-01,1.000000000000000000e+00
4.068000000000000000e+03,9.983356831089741368e-01,5.675817818242700241e+02,4.728433821631583100e+01,2.611929198274579589e-01,1.756000000000000000e+03,1.867406922891712995e+01,3.238073723317925783e+02,1.733994708718178401e+01,4.316617502458210409e-01,1.000000000000000000e+00
5.860000000000000000e+03,9.893928957981754646e-01,5.442081528017131404e+02,6.467296115421814307e+01,3.231995277449822845e-01,3.285000000000000000e+03,3.579779657185522268e+01,2.464322808954482298e+02,6.884006963970432658e+00,5.605802047781569541e-01,1.000000000000000000e+00
1.362000000000000000e+03,9.974750503654163936e-01,3.160304832720493664e+02,3.709948716436267802e+01,5.897435897435897578e-01,1.081000000000000000e+03,1.052513788142267792e+01,1.482042822260314381e+02,1.408098249122402379e+01,7.936857562408222710e-01,1.000000000000000000e+00
2.068000000000000000e+03,9.962969979490030603e-01,3.651787155501901907e+02,4.760636921283317236e+01,7.510548523206751481e-01,1.780000000000000000e+03,1.432421480202220465e+01,1.666024070771329377e+02,1.163082300703931260e+01,8.607350096711798848e-01,1.000000000000000000e+00
2.265000000000000000e+03,9.994642416031296328e-01,5.027411613907041215e+02,4.062165001543845477e+01,4.868519909842223825e-01,1.296000000000000000e+03,9.579148974798874505e+00,2.926749908437377030e+02,3.055333950998321768e+01,5.721854304635761723e-01,1.000000000000000000e+00
7.001000000000000000e+03,9.944772375856323343e-01,5.906173157302029040e+02,7.035876171402047419e+01,3.520463600144875249e-01,3.888000000000000000e+03,2.862586771524284401e+01,2.727507400500889503e+02,9.528121304943125480e+00,5.553492358234537463e-01,1.000000000000000000e+00
3.418000000000000000e+03,9.972557839069920993e-01,5.109360748630709281e+02,4.147465038957175665e+01,2.147171010807374381e-01,1.351000000000000000e+03,2.054021599467526471e+01,2.774463456985106973e+02,1.350746972526649259e+01,3.952603861907548199e-01,1.000000000000000000e+00
1.610000000000000000e+03,9.960690755091542448e-01,3.239766594028870372e+02,3.992613066662513432e+01,5.419913419913420238e-01,1.252000000000000000e+03,1.299732214587139900e+01,1.467299431857407512e+02,1.128924416421805255e+01,7.776397515527950777e-01,1.000000000000000000e+00
1.607000000000000000e+03,9.996060062194146445e-01,4.715746391493336773e+02,3.757688990737918289e+01,6.106828193832599672e-01,1.109000000000000000e+03,6.753072543834043984e+00,2.405938465837130309e+02,3.562731556962015844e+01,6.901057871810827304e-01,1.000000000000000000e+00
2.633000000000000000e+03,9.989110654151353019e-01,5.320782104868019360e+02,5.286549726138667893e+01,6.891679748822605589e-01,2.195000000000000000e+03,1.176609836059606451e+01,2.521940539575143987e+02,2.143395764921502789e+01,8.336498290922901289e-01,1.000000000000000000e+00
2.766000000000000000e+03,9.991291918900890856e-01,5.368000358937498504e+02,5.185635851542859598e+01,6.107576633892423112e-01,2.112000000000000000e+03,1.130395742714871155e+01,2.709248554027331579e+02,2.396725723259121565e+01,7.635574837310195040e-01,1.000000000000000000e+00
1.106000000000000000e+03,9.994488992504577674e-01,3.452609306503489393e+02,2.845663983065399805e+01,4.760479041916167442e-01,6.360000000000000000e+02,6.248542829291585221e+00,1.882383448546960096e+02,3.012515877658425367e+01,5.750452079566004127e-01,1.000000000000000000e+00
2.647000000000000000e+03,9.993387906860525804e-01,5.324680374315355493e+02,4.679713684558575437e+01,4.836895388076490332e-01,1.720000000000000000e+03,1.060122231277176219e+01,2.915702872067927842e+02,2.750345937520102169e+01,6.497922176048356313e-01,1.000000000000000000e+00
9.360000000000000000e+02,9.521565452832290166e-01,1.520477272147525127e+02,3.197516777786061226e+01,5.576388888888889062e-01,8.030000000000000000e+02,1.874559172481225033e+01,6.133813504606898448e+01,3.272136507959890750e+00,8.579059829059828557e-01,1.000000000000000000e+00
2.093000000000000000e+03,9.994264490966454639e-01,5.178711037056153828e+02,4.589050236151222606e+01,6.891666666666667052e-01,1.654000000000000000e+03,8.729460771310000311e+00,2.577797019462177559e+02,2.952985398518878313e+01,7.902532250358337285e-01,1.000000000000000000e+00
3.066000000000000000e+03,9.987597411333950514e-01,5.537827919510467609e+02,4.760636921283317236e+01,3.647540983606557541e-01,1.780000000000000000e+03,1.414886766841388521e+01,2.841745741295339371e+02,2.008461601234202831e+01,5.805609915198955973e-01,1.000000000000000000e+00
2.422000000000000000e+03,9.974058387025370731e-01,4.794863273947651123e+02,4.991722938071296056e+01,5.672463768115941773e-01,1.957000000000000000e+03,1.443281082077800370e+01,2.005022606859564007e+02,1.389211451433327049e+01,8.080099091659784794e-01,1.000000000000000000e+00
2.109000000000000000e+03,9.989996058151416891e-01,4.634446968344224729e+02,4.616712031182649412e+01,5.961538461538461453e-01,1.674000000000000000e+03,1.020746576381580795e+01,2.282579951536575606e+02,2.236186732683480116e+01,7.937411095305831887e-01,1.000000000000000000e+00
5.662000000000000000e+03,9.941596708877180610e-01,6.119959953866431306e+02,7.526382088710843732e+01,5.838582677165354839e-01,4.449000000000000000e+03,2.631854293442262005e+01,2.438727170451733741e+02,9.266193711894540996e+00,7.857647474390674347e-01,1.000000000000000000e+00
2.163000000000000000e+03,9.986524082455631168e-01,4.362731239591686858e+02,4.752606603076019809e+01,6.722243273967412058e-01,1.774000000000000000e+03,1.114012459384739095e+01,2.146556084311238806e+02,1.926869009613021788e+01,8.201571890892279670e-01,1.000000000000000000e+00
2.572000000000000000e+03,9.979936527927387724e-01,4.085807358037435506e+02,4.727087264912940867e+01,4.265921244530870293e-01,1.755000000000000000e+03,1.318777661610213237e+01,2.082914695978394661e+02,1.579428251336300626e+01,6.823483670295490411e-01,1.000000000000000000e+00
2.861000000000000000e+03,9.986251727457939875e-01,4.910721138323920059e+02,5.151146679359926139e+01,6.258258258258257989e-01,2.084000000000000000e+03,1.265509774759793160e+01,2.414213983030628299e+02,1.907700778912490946e+01,7.284166375393219539e-01,1.000000000000000000e+00
6.651000000000000000e+03,9.818963605594495103e-01,5.411787155501903044e+02,6.934713952618889721e+01,3.489467849223946705e-01,3.777000000000000000e+03,4.344234388520933265e+01,2.293452940832393097e+02,5.279302946665447749e+00,5.678845286423094274e-01,1.000000000000000000e+00
3.552000000000000000e+03,9.981646355093046763e-01,5.434629867976520927e+02,6.183476653824848057e+01,6.424903722721437838e-01,3.003000000000000000e+03,1.578348989122031654e+01,2.606311016657921300e+02,1.651289438914077579e+01,8.454391891891891442e-01,1.000000000000000000e+00
